{
  "dataset_revision": "0dc152a5d69327d457c0390c692baf8e5808424b",
  "task_name": "BrightRetrieval",
  "mteb_version": "1.29.0",
  "scores": {
    "standard": [
      {
        "ndcg_at_1": 0.06897,
        "ndcg_at_3": 0.07663,
        "ndcg_at_5": 0.08524,
        "ndcg_at_10": 0.11605,
        "ndcg_at_20": 0.15509,
        "ndcg_at_100": 0.29387,
        "ndcg_at_1000": 0.29387,
        "map_at_1": 0.02117,
        "map_at_3": 0.03354,
        "map_at_5": 0.0439,
        "map_at_10": 0.05625,
        "map_at_20": 0.07118,
        "map_at_100": 0.10279,
        "map_at_1000": 0.10279,
        "recall_at_1": 0.02117,
        "recall_at_3": 0.05137,
        "recall_at_5": 0.0902,
        "recall_at_10": 0.17397,
        "recall_at_20": 0.28305,
        "recall_at_100": 0.77053,
        "recall_at_1000": 0.77053,
        "precision_at_1": 0.06897,
        "precision_at_3": 0.06897,
        "precision_at_5": 0.06379,
        "precision_at_10": 0.06638,
        "precision_at_20": 0.05905,
        "precision_at_100": 0.03552,
        "precision_at_1000": 0.00355,
        "mrr_at_1": 0.068966,
        "mrr_at_3": 0.114943,
        "mrr_at_5": 0.133908,
        "mrr_at_10": 0.162172,
        "mrr_at_20": 0.170419,
        "mrr_at_100": 0.179505,
        "mrr_at_1000": 0.179505,
        "nauc_ndcg_at_1_max": 0.077566,
        "nauc_ndcg_at_1_std": 0.195619,
        "nauc_ndcg_at_1_diff1": -0.032436,
        "nauc_ndcg_at_3_max": 0.010011,
        "nauc_ndcg_at_3_std": 0.115442,
        "nauc_ndcg_at_3_diff1": -0.029196,
        "nauc_ndcg_at_5_max": 0.055819,
        "nauc_ndcg_at_5_std": 0.064111,
        "nauc_ndcg_at_5_diff1": 0.101837,
        "nauc_ndcg_at_10_max": -0.006511,
        "nauc_ndcg_at_10_std": 0.045889,
        "nauc_ndcg_at_10_diff1": 0.026656,
        "nauc_ndcg_at_20_max": -0.085631,
        "nauc_ndcg_at_20_std": -0.026419,
        "nauc_ndcg_at_20_diff1": 0.028183,
        "nauc_ndcg_at_100_max": 0.031614,
        "nauc_ndcg_at_100_std": 0.015079,
        "nauc_ndcg_at_100_diff1": 0.064241,
        "nauc_ndcg_at_1000_max": 0.031614,
        "nauc_ndcg_at_1000_std": 0.015079,
        "nauc_ndcg_at_1000_diff1": 0.064241,
        "nauc_map_at_1_max": 0.288869,
        "nauc_map_at_1_std": -0.027788,
        "nauc_map_at_1_diff1": 0.137902,
        "nauc_map_at_3_max": 0.110891,
        "nauc_map_at_3_std": -0.026926,
        "nauc_map_at_3_diff1": 0.073489,
        "nauc_map_at_5_max": 0.093737,
        "nauc_map_at_5_std": -0.003824,
        "nauc_map_at_5_diff1": 0.160269,
        "nauc_map_at_10_max": 0.051956,
        "nauc_map_at_10_std": -0.000791,
        "nauc_map_at_10_diff1": 0.109866,
        "nauc_map_at_20_max": -0.00267,
        "nauc_map_at_20_std": -0.028945,
        "nauc_map_at_20_diff1": 0.080964,
        "nauc_map_at_100_max": 0.024103,
        "nauc_map_at_100_std": -0.024457,
        "nauc_map_at_100_diff1": 0.095711,
        "nauc_map_at_1000_max": 0.024103,
        "nauc_map_at_1000_std": -0.024457,
        "nauc_map_at_1000_diff1": 0.095711,
        "nauc_recall_at_1_max": 0.288869,
        "nauc_recall_at_1_std": -0.027788,
        "nauc_recall_at_1_diff1": 0.137902,
        "nauc_recall_at_3_max": -0.016359,
        "nauc_recall_at_3_std": -0.08395,
        "nauc_recall_at_3_diff1": 0.04451,
        "nauc_recall_at_5_max": 0.051798,
        "nauc_recall_at_5_std": -0.023311,
        "nauc_recall_at_5_diff1": 0.24677,
        "nauc_recall_at_10_max": -0.044747,
        "nauc_recall_at_10_std": -0.026476,
        "nauc_recall_at_10_diff1": 0.079639,
        "nauc_recall_at_20_max": -0.142281,
        "nauc_recall_at_20_std": -0.124223,
        "nauc_recall_at_20_diff1": 0.077697,
        "nauc_recall_at_100_max": 0.10882,
        "nauc_recall_at_100_std": -0.069925,
        "nauc_recall_at_100_diff1": 0.04935,
        "nauc_recall_at_1000_max": 0.10882,
        "nauc_recall_at_1000_std": -0.069925,
        "nauc_recall_at_1000_diff1": 0.04935,
        "nauc_precision_at_1_max": 0.077566,
        "nauc_precision_at_1_std": 0.195619,
        "nauc_precision_at_1_diff1": -0.032436,
        "nauc_precision_at_3_max": -0.081585,
        "nauc_precision_at_3_std": 0.162865,
        "nauc_precision_at_3_diff1": -0.104504,
        "nauc_precision_at_5_max": -0.027986,
        "nauc_precision_at_5_std": 0.078666,
        "nauc_precision_at_5_diff1": -0.005242,
        "nauc_precision_at_10_max": -0.072634,
        "nauc_precision_at_10_std": 0.080568,
        "nauc_precision_at_10_diff1": -0.113374,
        "nauc_precision_at_20_max": -0.127341,
        "nauc_precision_at_20_std": 0.024512,
        "nauc_precision_at_20_diff1": -0.098602,
        "nauc_precision_at_100_max": 0.072518,
        "nauc_precision_at_100_std": 0.064047,
        "nauc_precision_at_100_diff1": 0.103045,
        "nauc_precision_at_1000_max": 0.072518,
        "nauc_precision_at_1000_std": 0.064047,
        "nauc_precision_at_1000_diff1": 0.103045,
        "nauc_mrr_at_1_max": 0.077566,
        "nauc_mrr_at_1_std": 0.195619,
        "nauc_mrr_at_1_diff1": -0.032436,
        "nauc_mrr_at_3_max": -0.017817,
        "nauc_mrr_at_3_std": 0.160713,
        "nauc_mrr_at_3_diff1": -0.076815,
        "nauc_mrr_at_5_max": 0.015503,
        "nauc_mrr_at_5_std": 0.135133,
        "nauc_mrr_at_5_diff1": -0.036491,
        "nauc_mrr_at_10_max": -0.007142,
        "nauc_mrr_at_10_std": 0.138232,
        "nauc_mrr_at_10_diff1": -0.061723,
        "nauc_mrr_at_20_max": -0.00909,
        "nauc_mrr_at_20_std": 0.135273,
        "nauc_mrr_at_20_diff1": -0.041531,
        "nauc_mrr_at_100_max": -0.002965,
        "nauc_mrr_at_100_std": 0.138123,
        "nauc_mrr_at_100_diff1": -0.049143,
        "nauc_mrr_at_1000_max": -0.002965,
        "nauc_mrr_at_1000_std": 0.138123,
        "nauc_mrr_at_1000_diff1": -0.049143,
        "main_score": 0.11605,
        "hf_subset": "earth_science",
        "languages": [
          "eng-Latn"
        ]
      }
    ]
  },
  "evaluation_time": 10545.59270143509,
  "kg_co2_emissions": 0.5103291453144774
}