{
  "dataset_revision": "0dc152a5d69327d457c0390c692baf8e5808424b",
  "task_name": "BrightRetrieval",
  "mteb_version": "1.29.0",
  "scores": {
    "standard": [
      {
        "ndcg_at_1": 0.06931,
        "ndcg_at_3": 0.09225,
        "ndcg_at_5": 0.1128,
        "ndcg_at_10": 0.16178,
        "ndcg_at_20": 0.19142,
        "ndcg_at_100": 0.27434,
        "ndcg_at_1000": 0.27434,
        "map_at_1": 0.0326,
        "map_at_3": 0.04329,
        "map_at_5": 0.05827,
        "map_at_10": 0.08433,
        "map_at_20": 0.09956,
        "map_at_100": 0.12171,
        "map_at_1000": 0.12171,
        "recall_at_1": 0.0326,
        "recall_at_3": 0.0594,
        "recall_at_5": 0.10871,
        "recall_at_10": 0.25554,
        "recall_at_20": 0.36534,
        "recall_at_100": 0.67112,
        "recall_at_1000": 0.67112,
        "precision_at_1": 0.06931,
        "precision_at_3": 0.07921,
        "precision_at_5": 0.08515,
        "precision_at_10": 0.08614,
        "precision_at_20": 0.06733,
        "precision_at_100": 0.02911,
        "precision_at_1000": 0.00291,
        "mrr_at_1": 0.069307,
        "mrr_at_3": 0.122112,
        "mrr_at_5": 0.142409,
        "mrr_at_10": 0.168627,
        "mrr_at_20": 0.177598,
        "mrr_at_100": 0.184499,
        "mrr_at_1000": 0.184499,
        "nauc_ndcg_at_1_max": -0.172146,
        "nauc_ndcg_at_1_std": -0.227151,
        "nauc_ndcg_at_1_diff1": 0.090092,
        "nauc_ndcg_at_3_max": -0.11811,
        "nauc_ndcg_at_3_std": -0.236016,
        "nauc_ndcg_at_3_diff1": 0.054484,
        "nauc_ndcg_at_5_max": -0.10663,
        "nauc_ndcg_at_5_std": -0.200049,
        "nauc_ndcg_at_5_diff1": 0.061278,
        "nauc_ndcg_at_10_max": -0.131616,
        "nauc_ndcg_at_10_std": -0.279804,
        "nauc_ndcg_at_10_diff1": 0.109995,
        "nauc_ndcg_at_20_max": -0.096552,
        "nauc_ndcg_at_20_std": -0.244999,
        "nauc_ndcg_at_20_diff1": 0.079237,
        "nauc_ndcg_at_100_max": -0.056303,
        "nauc_ndcg_at_100_std": -0.206502,
        "nauc_ndcg_at_100_diff1": 0.085447,
        "nauc_ndcg_at_1000_max": -0.056303,
        "nauc_ndcg_at_1000_std": -0.206502,
        "nauc_ndcg_at_1000_diff1": 0.085447,
        "nauc_map_at_1_max": 0.021215,
        "nauc_map_at_1_std": -0.267627,
        "nauc_map_at_1_diff1": 0.131832,
        "nauc_map_at_3_max": -0.025997,
        "nauc_map_at_3_std": -0.279232,
        "nauc_map_at_3_diff1": 0.099691,
        "nauc_map_at_5_max": -0.051502,
        "nauc_map_at_5_std": -0.234249,
        "nauc_map_at_5_diff1": 0.113572,
        "nauc_map_at_10_max": -0.107714,
        "nauc_map_at_10_std": -0.274941,
        "nauc_map_at_10_diff1": 0.129605,
        "nauc_map_at_20_max": -0.102645,
        "nauc_map_at_20_std": -0.244326,
        "nauc_map_at_20_diff1": 0.108375,
        "nauc_map_at_100_max": -0.093233,
        "nauc_map_at_100_std": -0.226394,
        "nauc_map_at_100_diff1": 0.100141,
        "nauc_map_at_1000_max": -0.093233,
        "nauc_map_at_1000_std": -0.226394,
        "nauc_map_at_1000_diff1": 0.100141,
        "nauc_recall_at_1_max": 0.021215,
        "nauc_recall_at_1_std": -0.267627,
        "nauc_recall_at_1_diff1": 0.131832,
        "nauc_recall_at_3_max": -0.069993,
        "nauc_recall_at_3_std": -0.292283,
        "nauc_recall_at_3_diff1": 0.073865,
        "nauc_recall_at_5_max": -0.072429,
        "nauc_recall_at_5_std": -0.169528,
        "nauc_recall_at_5_diff1": 0.074453,
        "nauc_recall_at_10_max": -0.158852,
        "nauc_recall_at_10_std": -0.293537,
        "nauc_recall_at_10_diff1": 0.138712,
        "nauc_recall_at_20_max": -0.101704,
        "nauc_recall_at_20_std": -0.215436,
        "nauc_recall_at_20_diff1": 0.100229,
        "nauc_recall_at_100_max": 0.009093,
        "nauc_recall_at_100_std": -0.15638,
        "nauc_recall_at_100_diff1": 0.124777,
        "nauc_recall_at_1000_max": 0.009093,
        "nauc_recall_at_1000_std": -0.15638,
        "nauc_recall_at_1000_diff1": 0.124777,
        "nauc_precision_at_1_max": -0.172146,
        "nauc_precision_at_1_std": -0.227151,
        "nauc_precision_at_1_diff1": 0.090092,
        "nauc_precision_at_3_max": -0.163383,
        "nauc_precision_at_3_std": -0.222001,
        "nauc_precision_at_3_diff1": 0.010276,
        "nauc_precision_at_5_max": -0.150742,
        "nauc_precision_at_5_std": -0.162876,
        "nauc_precision_at_5_diff1": 0.006965,
        "nauc_precision_at_10_max": -0.137491,
        "nauc_precision_at_10_std": -0.191864,
        "nauc_precision_at_10_diff1": 0.027152,
        "nauc_precision_at_20_max": -0.084014,
        "nauc_precision_at_20_std": -0.118542,
        "nauc_precision_at_20_diff1": -0.008435,
        "nauc_precision_at_100_max": 0.030801,
        "nauc_precision_at_100_std": -0.005769,
        "nauc_precision_at_100_diff1": -0.000456,
        "nauc_precision_at_1000_max": 0.030801,
        "nauc_precision_at_1000_std": -0.005769,
        "nauc_precision_at_1000_diff1": -0.000456,
        "nauc_mrr_at_1_max": -0.172146,
        "nauc_mrr_at_1_std": -0.227151,
        "nauc_mrr_at_1_diff1": 0.090092,
        "nauc_mrr_at_3_max": -0.145931,
        "nauc_mrr_at_3_std": -0.227504,
        "nauc_mrr_at_3_diff1": 0.019283,
        "nauc_mrr_at_5_max": -0.13347,
        "nauc_mrr_at_5_std": -0.215268,
        "nauc_mrr_at_5_diff1": 0.036806,
        "nauc_mrr_at_10_max": -0.11686,
        "nauc_mrr_at_10_std": -0.222198,
        "nauc_mrr_at_10_diff1": 0.048105,
        "nauc_mrr_at_20_max": -0.122424,
        "nauc_mrr_at_20_std": -0.227875,
        "nauc_mrr_at_20_diff1": 0.041655,
        "nauc_mrr_at_100_max": -0.117543,
        "nauc_mrr_at_100_std": -0.21899,
        "nauc_mrr_at_100_diff1": 0.046991,
        "nauc_mrr_at_1000_max": -0.117543,
        "nauc_mrr_at_1000_std": -0.21899,
        "nauc_mrr_at_1000_diff1": 0.046991,
        "main_score": 0.16178,
        "hf_subset": "psychology",
        "languages": [
          "eng-Latn"
        ]
      }
    ]
  },
  "evaluation_time": 14583.812982320786,
  "kg_co2_emissions": 0.6256639590509795
}