{
  "dataset_revision": "0dc152a5d69327d457c0390c692baf8e5808424b",
  "task_name": "BrightRetrieval",
  "mteb_version": "1.29.0",
  "scores": {
    "standard": [
      {
        "ndcg_at_1": 0.1068,
        "ndcg_at_3": 0.11206,
        "ndcg_at_5": 0.12128,
        "ndcg_at_10": 0.16044,
        "ndcg_at_20": 0.2181,
        "ndcg_at_100": 0.34504,
        "ndcg_at_1000": 0.34504,
        "map_at_1": 0.0315,
        "map_at_3": 0.06123,
        "map_at_5": 0.07199,
        "map_at_10": 0.09237,
        "map_at_20": 0.1154,
        "map_at_100": 0.14516,
        "map_at_1000": 0.14516,
        "recall_at_1": 0.0315,
        "recall_at_3": 0.08792,
        "recall_at_5": 0.12338,
        "recall_at_10": 0.21531,
        "recall_at_20": 0.3847,
        "recall_at_100": 0.85158,
        "recall_at_1000": 0.85158,
        "precision_at_1": 0.1068,
        "precision_at_3": 0.10032,
        "precision_at_5": 0.08932,
        "precision_at_10": 0.0835,
        "precision_at_20": 0.07136,
        "precision_at_100": 0.03117,
        "precision_at_1000": 0.00312,
        "mrr_at_1": 0.106796,
        "mrr_at_3": 0.169903,
        "mrr_at_5": 0.184466,
        "mrr_at_10": 0.2067,
        "mrr_at_20": 0.217017,
        "mrr_at_100": 0.225919,
        "mrr_at_1000": 0.225919,
        "nauc_ndcg_at_1_max": -0.455184,
        "nauc_ndcg_at_1_std": 0.456301,
        "nauc_ndcg_at_1_diff1": 0.174892,
        "nauc_ndcg_at_3_max": -0.271262,
        "nauc_ndcg_at_3_std": 0.328938,
        "nauc_ndcg_at_3_diff1": 0.217785,
        "nauc_ndcg_at_5_max": -0.292151,
        "nauc_ndcg_at_5_std": 0.214906,
        "nauc_ndcg_at_5_diff1": 0.217103,
        "nauc_ndcg_at_10_max": -0.225327,
        "nauc_ndcg_at_10_std": 0.221754,
        "nauc_ndcg_at_10_diff1": 0.16118,
        "nauc_ndcg_at_20_max": -0.251088,
        "nauc_ndcg_at_20_std": 0.237882,
        "nauc_ndcg_at_20_diff1": 0.11716,
        "nauc_ndcg_at_100_max": -0.250998,
        "nauc_ndcg_at_100_std": 0.333534,
        "nauc_ndcg_at_100_diff1": 0.049636,
        "nauc_ndcg_at_1000_max": -0.250998,
        "nauc_ndcg_at_1000_std": 0.333534,
        "nauc_ndcg_at_1000_diff1": 0.049636,
        "nauc_map_at_1_max": -0.415441,
        "nauc_map_at_1_std": 0.407896,
        "nauc_map_at_1_diff1": 0.28067,
        "nauc_map_at_3_max": -0.241632,
        "nauc_map_at_3_std": 0.246509,
        "nauc_map_at_3_diff1": 0.270311,
        "nauc_map_at_5_max": -0.273081,
        "nauc_map_at_5_std": 0.19387,
        "nauc_map_at_5_diff1": 0.265461,
        "nauc_map_at_10_max": -0.215374,
        "nauc_map_at_10_std": 0.196738,
        "nauc_map_at_10_diff1": 0.213233,
        "nauc_map_at_20_max": -0.242205,
        "nauc_map_at_20_std": 0.227049,
        "nauc_map_at_20_diff1": 0.165515,
        "nauc_map_at_100_max": -0.255615,
        "nauc_map_at_100_std": 0.267415,
        "nauc_map_at_100_diff1": 0.120474,
        "nauc_map_at_1000_max": -0.255615,
        "nauc_map_at_1000_std": 0.267415,
        "nauc_map_at_1000_diff1": 0.120474,
        "nauc_recall_at_1_max": -0.415441,
        "nauc_recall_at_1_std": 0.407896,
        "nauc_recall_at_1_diff1": 0.28067,
        "nauc_recall_at_3_max": -0.154426,
        "nauc_recall_at_3_std": 0.178987,
        "nauc_recall_at_3_diff1": 0.319191,
        "nauc_recall_at_5_max": -0.227251,
        "nauc_recall_at_5_std": 0.044655,
        "nauc_recall_at_5_diff1": 0.267144,
        "nauc_recall_at_10_max": -0.10535,
        "nauc_recall_at_10_std": 0.078198,
        "nauc_recall_at_10_diff1": 0.145029,
        "nauc_recall_at_20_max": -0.164473,
        "nauc_recall_at_20_std": 0.110207,
        "nauc_recall_at_20_diff1": 0.077615,
        "nauc_recall_at_100_max": 0.005937,
        "nauc_recall_at_100_std": 0.233682,
        "nauc_recall_at_100_diff1": -0.194373,
        "nauc_recall_at_1000_max": 0.005937,
        "nauc_recall_at_1000_std": 0.233682,
        "nauc_recall_at_1000_diff1": -0.194373,
        "nauc_precision_at_1_max": -0.455184,
        "nauc_precision_at_1_std": 0.456301,
        "nauc_precision_at_1_diff1": 0.174892,
        "nauc_precision_at_3_max": -0.200928,
        "nauc_precision_at_3_std": 0.312841,
        "nauc_precision_at_3_diff1": 0.178347,
        "nauc_precision_at_5_max": -0.280365,
        "nauc_precision_at_5_std": 0.162504,
        "nauc_precision_at_5_diff1": 0.146067,
        "nauc_precision_at_10_max": -0.178636,
        "nauc_precision_at_10_std": 0.248357,
        "nauc_precision_at_10_diff1": -0.023117,
        "nauc_precision_at_20_max": -0.244472,
        "nauc_precision_at_20_std": 0.321607,
        "nauc_precision_at_20_diff1": -0.105979,
        "nauc_precision_at_100_max": -0.174628,
        "nauc_precision_at_100_std": 0.407353,
        "nauc_precision_at_100_diff1": -0.204868,
        "nauc_precision_at_1000_max": -0.174628,
        "nauc_precision_at_1000_std": 0.407353,
        "nauc_precision_at_1000_diff1": -0.204868,
        "nauc_mrr_at_1_max": -0.455184,
        "nauc_mrr_at_1_std": 0.456301,
        "nauc_mrr_at_1_diff1": 0.174892,
        "nauc_mrr_at_3_max": -0.309439,
        "nauc_mrr_at_3_std": 0.37743,
        "nauc_mrr_at_3_diff1": 0.209879,
        "nauc_mrr_at_5_max": -0.326058,
        "nauc_mrr_at_5_std": 0.332973,
        "nauc_mrr_at_5_diff1": 0.201929,
        "nauc_mrr_at_10_max": -0.323982,
        "nauc_mrr_at_10_std": 0.340045,
        "nauc_mrr_at_10_diff1": 0.168507,
        "nauc_mrr_at_20_max": -0.324838,
        "nauc_mrr_at_20_std": 0.344797,
        "nauc_mrr_at_20_diff1": 0.166107,
        "nauc_mrr_at_100_max": -0.323872,
        "nauc_mrr_at_100_std": 0.347399,
        "nauc_mrr_at_100_diff1": 0.17187,
        "nauc_mrr_at_1000_max": -0.323872,
        "nauc_mrr_at_1000_std": 0.347399,
        "nauc_mrr_at_1000_diff1": 0.17187,
        "main_score": 0.16044,
        "hf_subset": "biology",
        "languages": [
          "eng-Latn"
        ]
      }
    ]
  },
  "evaluation_time": 2618.011726617813,
  "kg_co2_emissions": 0.1459231155902395
}