{
  "dataset_revision": "0dc152a5d69327d457c0390c692baf8e5808424b",
  "task_name": "BrightRetrieval",
  "mteb_version": "1.29.0",
  "scores": {
    "standard": [
      {
        "ndcg_at_1": 0.09709,
        "ndcg_at_3": 0.09538,
        "ndcg_at_5": 0.10133,
        "ndcg_at_10": 0.11433,
        "ndcg_at_20": 0.15655,
        "ndcg_at_100": 0.21402,
        "ndcg_at_1000": 0.21402,
        "map_at_1": 0.03448,
        "map_at_3": 0.04239,
        "map_at_5": 0.0489,
        "map_at_10": 0.05775,
        "map_at_20": 0.07325,
        "map_at_100": 0.09054,
        "map_at_1000": 0.09054,
        "recall_at_1": 0.03448,
        "recall_at_3": 0.05115,
        "recall_at_5": 0.07735,
        "recall_at_10": 0.12422,
        "recall_at_20": 0.27112,
        "recall_at_100": 0.50395,
        "recall_at_1000": 0.50395,
        "precision_at_1": 0.09709,
        "precision_at_3": 0.07443,
        "precision_at_5": 0.06796,
        "precision_at_10": 0.06214,
        "precision_at_20": 0.06359,
        "precision_at_100": 0.02777,
        "precision_at_1000": 0.00278,
        "mrr_at_1": 0.097087,
        "mrr_at_3": 0.124595,
        "mrr_at_5": 0.139159,
        "mrr_at_10": 0.151372,
        "mrr_at_20": 0.167583,
        "mrr_at_100": 0.173424,
        "mrr_at_1000": 0.173424,
        "nauc_ndcg_at_1_max": -0.084524,
        "nauc_ndcg_at_1_std": -0.025394,
        "nauc_ndcg_at_1_diff1": -0.106464,
        "nauc_ndcg_at_3_max": -0.129611,
        "nauc_ndcg_at_3_std": -0.019362,
        "nauc_ndcg_at_3_diff1": -0.09866,
        "nauc_ndcg_at_5_max": -0.131049,
        "nauc_ndcg_at_5_std": -0.015473,
        "nauc_ndcg_at_5_diff1": -0.152873,
        "nauc_ndcg_at_10_max": -0.099255,
        "nauc_ndcg_at_10_std": -0.032869,
        "nauc_ndcg_at_10_diff1": -0.100542,
        "nauc_ndcg_at_20_max": -0.116123,
        "nauc_ndcg_at_20_std": -0.058865,
        "nauc_ndcg_at_20_diff1": -0.079182,
        "nauc_ndcg_at_100_max": -0.06786,
        "nauc_ndcg_at_100_std": -0.078644,
        "nauc_ndcg_at_100_diff1": -0.131844,
        "nauc_ndcg_at_1000_max": -0.06786,
        "nauc_ndcg_at_1000_std": -0.078644,
        "nauc_ndcg_at_1000_diff1": -0.131844,
        "nauc_map_at_1_max": -0.194274,
        "nauc_map_at_1_std": 0.018799,
        "nauc_map_at_1_diff1": -0.350123,
        "nauc_map_at_3_max": -0.223837,
        "nauc_map_at_3_std": -0.02365,
        "nauc_map_at_3_diff1": -0.179826,
        "nauc_map_at_5_max": -0.209372,
        "nauc_map_at_5_std": -0.039543,
        "nauc_map_at_5_diff1": -0.218654,
        "nauc_map_at_10_max": -0.185617,
        "nauc_map_at_10_std": -0.053262,
        "nauc_map_at_10_diff1": -0.172398,
        "nauc_map_at_20_max": -0.181699,
        "nauc_map_at_20_std": -0.059559,
        "nauc_map_at_20_diff1": -0.165751,
        "nauc_map_at_100_max": -0.136595,
        "nauc_map_at_100_std": -0.048212,
        "nauc_map_at_100_diff1": -0.187426,
        "nauc_map_at_1000_max": -0.136595,
        "nauc_map_at_1000_std": -0.048212,
        "nauc_map_at_1000_diff1": -0.187426,
        "nauc_recall_at_1_max": -0.194274,
        "nauc_recall_at_1_std": 0.018799,
        "nauc_recall_at_1_diff1": -0.350123,
        "nauc_recall_at_3_max": -0.251585,
        "nauc_recall_at_3_std": -0.057426,
        "nauc_recall_at_3_diff1": -0.034819,
        "nauc_recall_at_5_max": -0.183121,
        "nauc_recall_at_5_std": -0.098308,
        "nauc_recall_at_5_diff1": -0.190362,
        "nauc_recall_at_10_max": -0.092401,
        "nauc_recall_at_10_std": -0.107468,
        "nauc_recall_at_10_diff1": 0.003205,
        "nauc_recall_at_20_max": -0.091179,
        "nauc_recall_at_20_std": -0.076654,
        "nauc_recall_at_20_diff1": 0.005361,
        "nauc_recall_at_100_max": 0.0261,
        "nauc_recall_at_100_std": -0.125598,
        "nauc_recall_at_100_diff1": -0.123429,
        "nauc_recall_at_1000_max": 0.0261,
        "nauc_recall_at_1000_std": -0.125598,
        "nauc_recall_at_1000_diff1": -0.123429,
        "nauc_precision_at_1_max": -0.084524,
        "nauc_precision_at_1_std": -0.025394,
        "nauc_precision_at_1_diff1": -0.106464,
        "nauc_precision_at_3_max": -0.117239,
        "nauc_precision_at_3_std": -0.01933,
        "nauc_precision_at_3_diff1": -0.021486,
        "nauc_precision_at_5_max": -0.085389,
        "nauc_precision_at_5_std": 0.026808,
        "nauc_precision_at_5_diff1": -0.089991,
        "nauc_precision_at_10_max": -0.002467,
        "nauc_precision_at_10_std": 0.012635,
        "nauc_precision_at_10_diff1": -0.095521,
        "nauc_precision_at_20_max": 0.02018,
        "nauc_precision_at_20_std": -0.01604,
        "nauc_precision_at_20_diff1": -0.089453,
        "nauc_precision_at_100_max": 0.145845,
        "nauc_precision_at_100_std": 0.041637,
        "nauc_precision_at_100_diff1": -0.174461,
        "nauc_precision_at_1000_max": 0.145845,
        "nauc_precision_at_1000_std": 0.041637,
        "nauc_precision_at_1000_diff1": -0.174461,
        "nauc_mrr_at_1_max": -0.084524,
        "nauc_mrr_at_1_std": -0.025394,
        "nauc_mrr_at_1_diff1": -0.106464,
        "nauc_mrr_at_3_max": -0.159055,
        "nauc_mrr_at_3_std": -0.038567,
        "nauc_mrr_at_3_diff1": -0.009899,
        "nauc_mrr_at_5_max": -0.137734,
        "nauc_mrr_at_5_std": -0.043742,
        "nauc_mrr_at_5_diff1": -0.044111,
        "nauc_mrr_at_10_max": -0.127608,
        "nauc_mrr_at_10_std": -0.036664,
        "nauc_mrr_at_10_diff1": -0.03278,
        "nauc_mrr_at_20_max": -0.124997,
        "nauc_mrr_at_20_std": -0.049419,
        "nauc_mrr_at_20_diff1": -0.029613,
        "nauc_mrr_at_100_max": -0.124857,
        "nauc_mrr_at_100_std": -0.050443,
        "nauc_mrr_at_100_diff1": -0.031683,
        "nauc_mrr_at_1000_max": -0.124857,
        "nauc_mrr_at_1000_std": -0.050443,
        "nauc_mrr_at_1000_diff1": -0.031683,
        "main_score": 0.11433,
        "hf_subset": "economics",
        "languages": [
          "eng-Latn"
        ]
      }
    ]
  },
  "evaluation_time": 13635.391230344772,
  "kg_co2_emissions": 0.5849892076311781
}