{
  "dataset_revision": "0dc152a5d69327d457c0390c692baf8e5808424b",
  "task_name": "BrightRetrieval",
  "mteb_version": "1.29.0",
  "scores": {
    "standard": [
      {
        "ndcg_at_1": 0.21359,
        "ndcg_at_3": 0.19874,
        "ndcg_at_5": 0.23421,
        "ndcg_at_10": 0.27181,
        "ndcg_at_20": 0.34327,
        "ndcg_at_100": 0.42408,
        "ndcg_at_1000": 0.42408,
        "map_at_1": 0.05401,
        "map_at_3": 0.10343,
        "map_at_5": 0.13913,
        "map_at_10": 0.16395,
        "map_at_20": 0.19566,
        "map_at_100": 0.2176,
        "map_at_1000": 0.2176,
        "recall_at_1": 0.05401,
        "recall_at_3": 0.15262,
        "recall_at_5": 0.25504,
        "recall_at_10": 0.35463,
        "recall_at_20": 0.5581,
        "recall_at_100": 0.85158,
        "recall_at_1000": 0.85158,
        "precision_at_1": 0.21359,
        "precision_at_3": 0.18447,
        "precision_at_5": 0.17864,
        "precision_at_10": 0.12913,
        "precision_at_20": 0.10146,
        "precision_at_100": 0.03117,
        "precision_at_1000": 0.00312,
        "mrr_at_1": 0.213592,
        "mrr_at_3": 0.305825,
        "mrr_at_5": 0.344175,
        "mrr_at_10": 0.361231,
        "mrr_at_20": 0.370362,
        "mrr_at_100": 0.37388,
        "mrr_at_1000": 0.37388,
        "nauc_ndcg_at_1_max": 0.022358,
        "nauc_ndcg_at_1_std": 0.051797,
        "nauc_ndcg_at_1_diff1": 0.085612,
        "nauc_ndcg_at_3_max": 0.138314,
        "nauc_ndcg_at_3_std": 0.038385,
        "nauc_ndcg_at_3_diff1": 0.040151,
        "nauc_ndcg_at_5_max": 0.199234,
        "nauc_ndcg_at_5_std": 0.122394,
        "nauc_ndcg_at_5_diff1": 0.091385,
        "nauc_ndcg_at_10_max": 0.172025,
        "nauc_ndcg_at_10_std": 0.121368,
        "nauc_ndcg_at_10_diff1": 0.045655,
        "nauc_ndcg_at_20_max": 0.183053,
        "nauc_ndcg_at_20_std": 0.193687,
        "nauc_ndcg_at_20_diff1": -0.002602,
        "nauc_ndcg_at_100_max": 0.155109,
        "nauc_ndcg_at_100_std": 0.147774,
        "nauc_ndcg_at_100_diff1": -0.042289,
        "nauc_ndcg_at_1000_max": 0.155109,
        "nauc_ndcg_at_1000_std": 0.147774,
        "nauc_ndcg_at_1000_diff1": -0.042289,
        "nauc_map_at_1_max": 0.006183,
        "nauc_map_at_1_std": 0.081506,
        "nauc_map_at_1_diff1": 0.095263,
        "nauc_map_at_3_max": 0.09383,
        "nauc_map_at_3_std": 0.043491,
        "nauc_map_at_3_diff1": 0.080076,
        "nauc_map_at_5_max": 0.154907,
        "nauc_map_at_5_std": 0.124529,
        "nauc_map_at_5_diff1": 0.125936,
        "nauc_map_at_10_max": 0.137393,
        "nauc_map_at_10_std": 0.124895,
        "nauc_map_at_10_diff1": 0.081825,
        "nauc_map_at_20_max": 0.144393,
        "nauc_map_at_20_std": 0.151191,
        "nauc_map_at_20_diff1": 0.047021,
        "nauc_map_at_100_max": 0.14743,
        "nauc_map_at_100_std": 0.138338,
        "nauc_map_at_100_diff1": 0.020985,
        "nauc_map_at_1000_max": 0.14743,
        "nauc_map_at_1000_std": 0.138338,
        "nauc_map_at_1000_diff1": 0.020985,
        "nauc_recall_at_1_max": 0.006183,
        "nauc_recall_at_1_std": 0.081506,
        "nauc_recall_at_1_diff1": 0.095263,
        "nauc_recall_at_3_max": 0.157966,
        "nauc_recall_at_3_std": 0.00859,
        "nauc_recall_at_3_diff1": 0.088293,
        "nauc_recall_at_5_max": 0.271138,
        "nauc_recall_at_5_std": 0.163192,
        "nauc_recall_at_5_diff1": 0.167821,
        "nauc_recall_at_10_max": 0.186687,
        "nauc_recall_at_10_std": 0.149722,
        "nauc_recall_at_10_diff1": 0.03522,
        "nauc_recall_at_20_max": 0.213812,
        "nauc_recall_at_20_std": 0.291546,
        "nauc_recall_at_20_diff1": -0.072327,
        "nauc_recall_at_100_max": 0.08618,
        "nauc_recall_at_100_std": 0.177477,
        "nauc_recall_at_100_diff1": -0.227467,
        "nauc_recall_at_1000_max": 0.08618,
        "nauc_recall_at_1000_std": 0.177477,
        "nauc_recall_at_1000_diff1": -0.227467,
        "nauc_precision_at_1_max": 0.022358,
        "nauc_precision_at_1_std": 0.051797,
        "nauc_precision_at_1_diff1": 0.085612,
        "nauc_precision_at_3_max": 0.148755,
        "nauc_precision_at_3_std": 0.044112,
        "nauc_precision_at_3_diff1": -0.01768,
        "nauc_precision_at_5_max": 0.223753,
        "nauc_precision_at_5_std": 0.152266,
        "nauc_precision_at_5_diff1": 0.042788,
        "nauc_precision_at_10_max": 0.16578,
        "nauc_precision_at_10_std": 0.121285,
        "nauc_precision_at_10_diff1": -0.095712,
        "nauc_precision_at_20_max": 0.160369,
        "nauc_precision_at_20_std": 0.162743,
        "nauc_precision_at_20_diff1": -0.179464,
        "nauc_precision_at_100_max": 0.080385,
        "nauc_precision_at_100_std": 0.062755,
        "nauc_precision_at_100_diff1": -0.248633,
        "nauc_precision_at_1000_max": 0.080385,
        "nauc_precision_at_1000_std": 0.062755,
        "nauc_precision_at_1000_diff1": -0.248633,
        "nauc_mrr_at_1_max": 0.022358,
        "nauc_mrr_at_1_std": 0.051797,
        "nauc_mrr_at_1_diff1": 0.085612,
        "nauc_mrr_at_3_max": 0.103086,
        "nauc_mrr_at_3_std": 0.040395,
        "nauc_mrr_at_3_diff1": 0.068248,
        "nauc_mrr_at_5_max": 0.135591,
        "nauc_mrr_at_5_std": 0.085178,
        "nauc_mrr_at_5_diff1": 0.083083,
        "nauc_mrr_at_10_max": 0.127267,
        "nauc_mrr_at_10_std": 0.069947,
        "nauc_mrr_at_10_diff1": 0.062848,
        "nauc_mrr_at_20_max": 0.132308,
        "nauc_mrr_at_20_std": 0.076754,
        "nauc_mrr_at_20_diff1": 0.061039,
        "nauc_mrr_at_100_max": 0.127049,
        "nauc_mrr_at_100_std": 0.074035,
        "nauc_mrr_at_100_diff1": 0.064209,
        "nauc_mrr_at_1000_max": 0.127049,
        "nauc_mrr_at_1000_std": 0.074035,
        "nauc_mrr_at_1000_diff1": 0.064209,
        "main_score": 0.27181,
        "hf_subset": "biology",
        "languages": [
          "eng-Latn"
        ]
      }
    ]
  },
  "evaluation_time": 18319.697592020035,
  "kg_co2_emissions": 0.9072194772687874
}